{
  "project_info": {
    "project_number": "255827145390",
    "project_id": "tictactoe-d3982",
    "storage_bucket": "tictactoe-d3982.firebasestorage.app"
  },
  "client": [
    {
      "client_info": {
        "mobilesdk_app_id": "1:255827145390:android:4b4c969600b935d11af33f",
        "android_client_info": {
          "package_name": "com.example.ultimate_tic_tac_toe"
        }
      },
      "oauth_client": [],
      "api_key": [
        {
          "current_key": "AIzaSyB10vpppf1cUjLGQd3A6GvFIQzyuIsp9tg"
        }
      ],
      "services": {
        "appinvite_service": {
          "other_platform_oauth_client": []
        }
      }
    }
  ],
  "configuration_version": "1"
}